timestamp, memory.used [MiB], utilization.gpu [%], power.draw [W], temperature.gpu
2026/10/06 05:44:08.243, 7484 MiB, 91 %, 294.54 W, 79
2026/10/06 05:44:09.246, 7484 MiB, 89 %, 293.72 W, 79
2026/10/06 05:44:10.246, 7494 MiB, 90 %, 294.36 W, 79
2026/10/06 05:44:11.247, 7518 MiB, 90 %, 291.60 W, 79
2026/10/06 05:44:12.247, 7518 MiB, 90 %, 289.78 W, 78
2026/10/06 05:44:13.247, 7517 MiB, 91 %, 291.41 W, 79
2026/10/06 05:44:14.247, 7515 MiB, 90 %, 295.45 W, 79
2026/10/06 05:44:15.247, 7566 MiB, 93 %, 289.94 W, 79
2026/10/06 05:44:16.247, 7542 MiB, 92 %, 291.73 W, 79
2026/10/06 05:44:17.247, 7547 MiB, 88 %, 290.21 W, 79
2026/10/06 05:44:18.248, 7561 MiB, 90 %, 282.54 W, 78
2026/10/06 05:44:19.248, 7554 MiB, 90 %, 278.74 W, 78
2026/10/06 05:44:20.248, 7493 MiB, 92 %, 277.87 W, 78
2026/10/06 05:44:21.248, 7530 MiB, 90 %, 280.00 W, 78
2026/10/06 05:44:22.248, 7449 MiB, 90 %, 287.60 W, 78
2026/10/06 05:44:23.248, 7449 MiB, 91 %, 286.54 W, 79
2026/10/06 05:44:24.249, 7462 MiB, 91 %, 289.81 W, 78
2026/10/06 05:44:25.249, 7478 MiB, 93 %, 284.76 W, 78
2026/10/06 05:44:26.249, 7479 MiB, 93 %, 283.50 W, 78
2026/10/06 05:44:27.249, 7476 MiB, 90 %, 288.36 W, 78
2026/10/06 05:44:28.249, 7471 MiB, 89 %, 286.77 W, 79
2026/10/06 05:44:29.249, 7451 MiB, 90 %, 289.99 W, 79
2026/10/06 05:44:30.249, 7482 MiB, 89 %, 287.49 W, 78
2026/10/06 05:44:31.250, 7516 MiB, 92 %, 287.16 W, 78
2026/10/06 05:44:32.250, 7470 MiB, 89 %, 289.83 W, 79
2026/10/06 05:44:33.250, 7502 MiB, 88 %, 294.62 W, 79
2026/10/06 05:44:34.250, 7502 MiB, 94 %, 280.82 W, 78
2026/10/06 05:44:35.250, 7467 MiB, 92 %, 281.17 W, 78
2026/10/06 05:44:36.250, 7500 MiB, 90 %, 290.67 W, 78
2026/10/06 05:44:37.250, 7487 MiB, 90 %, 290.11 W, 78
2026/10/06 05:44:38.251, 7543 MiB, 89 %, 286.86 W, 78
2026/10/06 05:44:39.251, 7539 MiB, 92 %, 261.69 W, 77
2026/10/06 05:44:40.251, 7538 MiB, 88 %, 286.21 W, 79
2026/10/06 05:44:41.251, 7521 MiB, 88 %, 294.92 W, 79
2026/10/06 05:44:42.251, 7508 MiB, 88 %, 295.23 W, 79
2026/10/06 05:44:43.251, 7494 MiB, 87 %, 296.98 W, 79
2026/10/06 05:44:44.252, 7494 MiB, 88 %, 295.47 W, 79
2026/10/06 05:44:45.252, 7494 MiB, 89 %, 295.28 W, 79
2026/10/06 05:44:46.252, 7494 MiB, 88 %, 295.75 W, 79
2026/10/06 05:44:47.252, 7468 MiB, 88 %, 295.10 W, 79
2026/10/06 05:44:48.252, 7471 MiB, 87 %, 295.34 W, 79
2026/10/06 05:44:49.252, 7470 MiB, 88 %, 295.20 W, 79
2026/10/06 05:44:50.253, 7470 MiB, 87 %, 295.65 W, 79
2026/10/06 05:44:51.253, 7470 MiB, 88 %, 295.14 W, 79
2026/10/06 05:44:52.253, 7472 MiB, 89 %, 296.28 W, 79
2026/10/06 05:44:53.253, 7472 MiB, 88 %, 295.50 W, 79
2026/10/06 05:44:54.253, 7470 MiB, 87 %, 294.92 W, 79
2026/10/06 05:44:55.253, 7470 MiB, 87 %, 295.64 W, 79
2026/10/06 05:44:56.254, 7470 MiB, 89 %, 295.24 W, 79
2026/10/06 05:44:57.254, 7472 MiB, 88 %, 295.30 W, 79
2026/10/06 05:44:58.254, 7472 MiB, 89 %, 295.58 W, 80
2026/10/06 05:44:59.254, 7470 MiB, 88 %, 295.17 W, 79
2026/10/06 05:45:00.254, 7472 MiB, 87 %, 294.09 W, 79
2026/10/06 05:45:01.254, 7471 MiB, 87 %, 294.33 W, 79
2026/10/06 05:45:02.255, 7526 MiB, 91 %, 273.62 W, 78
2026/10/06 05:45:03.255, 7525 MiB, 87 %, 282.52 W, 79
2026/10/06 05:45:04.255, 7516 MiB, 89 %, 297.51 W, 80
2026/10/06 05:45:05.255, 7515 MiB, 88 %, 295.45 W, 80
2026/10/06 05:45:06.255, 7515 MiB, 88 %, 295.16 W, 80
2026/10/06 05:45:07.255, 7497 MiB, 88 %, 294.58 W, 80
2026/10/06 05:45:08.255, 7533 MiB, 17 %, 206.84 W, 68
2026/10/06 05:45:09.256, 7532 MiB, 0 %, 91.17 W, 64
2026/10/06 05:45:10.256, 7522 MiB, 0 %, 83.95 W, 62
2026/10/06 05:45:11.256, 7522 MiB, 0 %, 80.44 W, 61
2026/10/06 05:45:12.256, 7524 MiB, 0 %, 79.93 W, 60
2026/10/06 05:45:13.256, 7501 MiB, 3 %, 80.06 W, 60
2026/10/06 05:45:14.256, 7474 MiB, 0 %, 79.68 W, 59
2026/10/06 05:45:15.256, 7489 MiB, 1 %, 79.29 W, 59
2026/10/06 05:45:16.257, 7516 MiB, 7 %, 79.76 W, 59
2026/10/06 05:45:17.257, 7526 MiB, 4 %, 80.21 W, 58
2026/10/06 05:45:18.257, 7521 MiB, 0 %, 79.74 W, 58
2026/10/06 05:45:19.257, 7519 MiB, 0 %, 79.32 W, 58
2026/10/06 05:45:20.257, 7517 MiB, 3 %, 79.17 W, 58
2026/10/06 05:45:21.257, 7516 MiB, 1 %, 79.36 W, 57
2026/10/06 05:45:22.257, 7512 MiB, 0 %, 79.26 W, 57
2026/10/06 05:45:23.258, 7512 MiB, 0 %, 78.77 W, 57
2026/10/06 05:45:24.258, 7515 MiB, 8 %, 68.86 W, 55
2026/10/06 05:45:25.258, 7515 MiB, 1 %, 47.43 W, 54
2026/10/06 05:45:26.258, 7532 MiB, 18 %, 28.17 W, 53
2026/10/06 05:45:27.258, 7525 MiB, 13 %, 26.70 W, 52
2026/10/06 05:45:28.258, 7524 MiB, 7 %, 25.90 W, 52
2026/10/06 05:45:29.258, 7523 MiB, 12 %, 25.44 W, 51
2026/10/06 05:45:30.259, 7523 MiB, 18 %, 24.57 W, 51
2026/10/06 05:45:31.259, 7517 MiB, 18 %, 24.40 W, 51
2026/10/06 05:45:32.259, 7518 MiB, 30 %, 24.31 W, 51
2026/10/06 05:45:33.259, 7518 MiB, 12 %, 24.35 W, 50
2026/10/06 05:45:34.259, 7517 MiB, 7 %, 24.60 W, 50
2026/10/06 05:45:35.259, 7515 MiB, 2 %, 24.60 W, 50
2026/10/06 05:45:36.259, 7515 MiB, 2 %, 24.38 W, 50
2026/10/06 05:45:37.260, 7516 MiB, 2 %, 24.32 W, 49
2026/10/06 05:45:38.260, 7516 MiB, 2 %, 24.49 W, 49
2026/10/06 05:45:39.260, 7515 MiB, 8 %, 24.60 W, 49
2026/10/06 05:45:40.260, 7515 MiB, 1 %, 24.17 W, 49
2026/10/06 05:45:41.260, 7515 MiB, 3 %, 24.05 W, 49
2026/10/06 05:45:42.260, 7513 MiB, 2 %, 24.28 W, 49
2026/10/06 05:45:43.260, 7513 MiB, 1 %, 24.39 W, 48
2026/10/06 05:45:44.261, 7516 MiB, 5 %, 24.44 W, 48
2026/10/06 05:45:45.261, 7516 MiB, 6 %, 24.49 W, 48
2026/10/06 05:45:46.261, 7516 MiB, 4 %, 24.19 W, 48
2026/10/06 05:45:47.261, 7516 MiB, 4 %, 24.23 W, 48
2026/10/06 05:45:48.261, 7516 MiB, 6 %, 24.41 W, 48
2026/10/06 05:45:49.261, 7516 MiB, 8 %, 24.10 W, 47
2026/10/06 05:45:50.261, 7516 MiB, 3 %, 24.15 W, 47
2026/10/06 05:45:51.262, 7516 MiB, 7 %, 24.29 W, 47
2026/10/06 05:45:52.262, 7515 MiB, 0 %, 24.41 W, 47
2026/10/06 05:45:53.262, 7514 MiB, 0 %, 24.12 W, 47
2026/10/06 05:45:54.262, 7515 MiB, 4 %, 24.07 W, 47
2026/10/06 05:45:55.262, 7515 MiB, 0 %, 23.94 W, 47
2026/10/06 05:45:56.262, 7516 MiB, 0 %, 23.86 W, 46
2026/10/06 05:45:57.262, 7516 MiB, 0 %, 23.90 W, 46
2026/10/06 05:45:58.263, 7517 MiB, 11 %, 24.04 W, 46
2026/10/06 05:45:59.263, 7517 MiB, 6 %, 23.97 W, 46
2026/10/06 05:46:00.263, 7517 MiB, 8 %, 24.17 W, 46
2026/10/06 05:46:01.263, 7516 MiB, 9 %, 24.13 W, 46
2026/10/06 05:46:02.263, 7516 MiB, 4 %, 24.12 W, 46
2026/10/06 05:46:03.263, 7516 MiB, 4 %, 24.00 W, 45
2026/10/06 05:46:04.263, 7517 MiB, 11 %, 24.13 W, 45
2026/10/06 05:46:05.263, 7516 MiB, 16 %, 24.08 W, 45
2026/10/06 05:46:06.264, 7517 MiB, 12 %, 24.33 W, 45
2026/10/06 05:46:07.264, 7517 MiB, 11 %, 24.13 W, 45
2026/10/06 05:46:08.264, 7547 MiB, 36 %, 24.33 W, 45
2026/10/06 05:46:09.264, 7540 MiB, 19 %, 23.93 W, 45
2026/10/06 05:46:10.265, 7591 MiB, 25 %, 25.36 W, 45
2026/10/06 05:46:11.265, 7590 MiB, 0 %, 26.14 W, 45
2026/10/06 05:46:12.265, 7588 MiB, 0 %, 25.12 W, 44
2026/10/06 05:46:13.266, 7535 MiB, 0 %, 23.48 W, 44
2026/10/06 05:46:14.266, 7537 MiB, 0 %, 23.37 W, 44
2026/10/06 05:46:15.266, 7514 MiB, 0 %, 37.34 W, 47
2026/10/06 05:46:16.266, 7511 MiB, 0 %, 77.96 W, 48
2026/10/06 05:46:17.266, 7508 MiB, 0 %, 63.22 W, 46
